Estado,Emissao,UF,populacao,emissao_per_capita
RR,61577273.731835574,RR,634805,97.00187259368715
RO,137889786.88898158,RO,1616379,85.30783120108686
MT,269374499.55813587,MT,3784239,71.18326817046594
PA,447927370.46678406,PA,8442962,53.053344367389556
AC,43995710.96515725,AC,829780,53.02093442256652
TO,56648514.503062,TO,1584306,35.75604365764063
AM,138845369.15620345,AM,3952262,35.130608536631286
MS,81499354.69789866,MS,2833742,28.76032987403181
MA,117153454.45342709,MA,6800605,17.226916495433436
GO,92896270.29128659,GO,6950976,13.36449302821454
RS,107764641.99475715,RS,11088065,9.718976394416622
ES,33371682.194896292,ES,3975100,8.395180547633089
MG,168233656.9529826,MG,20732660,8.114427041825921
SC,59090562.34914424,SC,7762154,7.612650090315683
PR,86285774.43565343,PR,11835379,7.290495254579802
AP,4555259.595729422,AP,774268,5.883311199390162
BA,81201148.1713113,BA,14659023,5.539328792328882
SE,10637112.787150957,SE,2211868,4.809108313493824
PI,15560080.506109962,PI,3270174,4.7581812179137755
RJ,73160128.8391934,RJ,16615526,4.403118435082549
SP,156729716.60586035,SP,46024937,3.405321697797443
PB,12873871.731499108,PB,4030961,3.193747528566788
CE,28024421.357144635,CE,8936431,3.135974681295546
RN,9970668.237039588,RN,3303953,3.0177996590870357
AL,9063317.522694442,AL,3125254,2.900025893157626
PE,25429878.752620228,PE,9051113,2.809585821392378
DF,7288642.510002446,DF,2923369,2.4932338373987157
