Estado,Emissao
PA,447927370.46678406
MT,269374499.55813587
MG,168233656.9529826
SP,156729716.60586035
AM,138845369.15620345
RO,137889786.88898158
MA,117153454.45342709
RS,107764641.99475715
GO,92896270.29128659
PR,86285774.43565343
MS,81499354.69789866
BA,81201148.1713113
RJ,73160128.8391934
RR,61577273.731835574
SC,59090562.34914424
TO,56648514.503062
AC,43995710.96515725
ES,33371682.194896292
CE,28024421.357144635
PE,25429878.752620228
PI,15560080.506109962
PB,12873871.731499108
SE,10637112.787150957
RN,9970668.237039588
AL,9063317.522694442
DF,7288642.510002446
AP,4555259.595729422
