Ano,Emissao
1970,342240575.9574585
1971,362288673.06909126
1972,382771728.17161876
1973,411175498.22881174
1974,433871604.7572471
1975,468181686.9043804
1976,497922269.6627215
1977,507214368.3939353
1978,521134913.6047283
1979,542598271.2451295
1980,566122550.0962923
1981,558356338.5150099
1982,563685174.2751616
1983,555155153.4128808
1984,570014119.4449456
1985,585104368.316197
1986,615501587.8964525
1987,633160801.2792659
1988,648441874.5326852
1989,664001593.5822574
1990,2033943675.9473705
1991,2046069806.4420652
1992,2256949829.8747277
1993,2113400463.217774
1994,2361342485.6048574
1995,2679814982.115516
1996,2375232336.541218
1997,2477266820.325936
1998,2378995998.5748034
1999,2372251634.571093
2000,2348352363.4287214
2001,2428675987.568252
2002,2560642215.9412665
2003,3091879645.753414
2004,2983204495.293432
2005,2641258884.4133863
2006,2291406444.0914044
2007,2043844631.6061475
2008,2039205263.194418
2009,1714155148.591658
2010,1721361956.9761996
2011,1755043377.3849607
2012,1858699795.375466
2013,2018990331.7801661
2014,1962120763.3830602
2015,2075178087.920299
2016,2089982552.0115108
2017,1945928597.3131237
2018,1989409561.7240791
2019,2147507009.3809605
2020,2160065006.6367574
2021,2422625067.95982
